id,title,content,author_id
1,The Evolution of Cryptocurrency,"As the creator of Bitcoin, I've been fascinated by the rapid development of cryptocurrencies over the years. From a niche project to a global financial instrument, it's remarkable to see how far we've come. In this post, I'll be discussing the history of cryptocurrencies and the challenges we faced in the early days of Bitcoin.",1
2,Blockchain Technology: A Force for Good,"Blockchain has the potential to revolutionize industries beyond finance. From supply chain management to voting systems, the possibilities are vast. In this blog post, I'll be exploring some of the most promising applications of blockchain technology and the benefits it can bring to society as a whole.",1
3,The Future of Decentralized Finance,"As DeFi continues to grow and reshape the financial landscape, it's essential to consider its long-term implications. In this post, I'll discuss the potential of decentralized finance to democratize access to financial services, and the challenges we must overcome to ensure its sustainability and security.",1
4,The Power of Music: Healing and Unity,"Music has the power to heal, bring people together, and spread love. In this blog post, I'll be sharing my experiences of using music as a force for good, and the lessons I've learned from my career in the music industry.",2
5,Behind the Scenes: Creating Thriller,"Thriller' remains one of my most iconic works, and the creative process was truly an unforgettable experience. In this blog post, I'll be taking you behind the scenes of the making of 'Thriller,' sharing insights into the songwriting, choreography, and production.",2
6,My Inspirations: The Artists Who Shaped Me,"Throughout my career, I've been inspired by many incredible musicians and performers. In this blog post, I'll be paying tribute to some of the most influential artists who have shaped my sound and style, and discussing their impact on my music.",2
7,Life Lessons from Bikini Bottom,"Living in Bikini Bottom has taught me a lot about friendship, determination, and having fun. In this blog post, I'll be sharing some of my favorite life lessons that I've learned from my underwater adventures with Patrick, Squidward, and the rest of the gang.",3
8,The Art of Jellyfishing,"Jellyfishing is one of my favorite pastimes, and it's more than just a fun hobby â€“ it's an art! In this blog post, I'll be sharing my tips and tricks for successful jellyfishing, and the joy it brings to my life.",3
9,Cooking at the Krusty Krab: Secrets from the Kitchen,"As the fry cook at the Krusty Krab, I've learned a thing or two about whipping up delicious underwater cuisine. In this blog post, I'll be sharing some of my favorite recipes and tips for creating the perfect Krabby Patty and other tasty treats.",3
10,Leadership Lessons from the Great Khan,"Throughout my reign, I've learned valuable lessons about leadership and the importance of strong, cohesive teams. In this blog post, I'll be sharing some key insights from my experiences as a ruler and military strategist, and how these principles can be applied to modern-day situations.",4
11,The Art of War: Strategies for Success,"War is an ever-evolving landscape, and mastering its intricacies requires adaptability, innovation, and strategic thinking. In this post, I'll discuss some of the most effective military tactics and strategies that I've employed throughout my conquests, and their relevance in today's world.",4
12,Building a Global Empire: Connecting Cultures,"As I expanded my empire, I brought together diverse cultures and peoples, fostering exchange and cooperation. In this blog post, I'll be exploring the importance of cultural exchange and the benefits it brought to the Mongol Empire, and how we can learn from this in our interconnected world.",4
13,A World of Peace and Love,"My song ""Imagine"" remains a powerful anthem for peace and unity. In this blog post, I'll be discussing the inspiration behind the song, and the importance of striving for a world free from conflict, prejudice, and hate.",5
14,The Beatles: Our Journey Through Music,"The Beatles was a once-in-a-lifetime experience, and our journey together was an unforgettable adventure. In this blog post, I'll be reminiscing about some of our most memorable moments, and reflecting on the impact our music has had on the world.",5
15,Creativity and Activism: Using Art for Change,"Throughout my life, I've used my art and music as a platform for activism and social change. In this post, I'll discuss the role of creative expression in fostering awareness and inspiring action, and share some of my most memorable experiences as an artist and activist.",5
16,The Magic of Giving: A North Pole Perspective,"The joy of giving lies at the heart of the holiday season, and as Santa Claus, I have the pleasure of spreading that joy every year. In this blog post, I'll be sharing the magic of giving from a North Pole perspective, and the importance of keeping the spirit of generosity alive.",6
17,A Day in the Life: Behind the Scenes at Santa's Workshop,"Have you ever wondered what goes on behind the scenes at Santa's Workshop? In this blog post, I'll be taking you on a guided tour of my workshop, introducing you to my team of elves and showcasing the incredible work they do to make the holiday season magical.",6
18,The Evolution of Christmas Traditions,"Christmas traditions have evolved over time, influenced by various cultures and customs. In this blog post, I'll be exploring the history of Christmas and its many cherished traditions, from festive decorations to heartwarming tales.",6
19,The Long Walk to Freedom: My Journey,"My life has been a long and challenging journey, marked by struggle, perseverance, and ultimately, triumph. In this blog post, I'll be sharing my experiences from my early years, my time in prison, and my fight for freedom and equality in South Africa.",7
20,The Power of Forgiveness and Reconciliation,"Forgiveness and reconciliation are essential for healing and moving forward as a society. In this post, I'll discuss the importance of these principles in South Africa's transition from apartheid to democracy, and the lessons we can learn for promoting peace and unity worldwide.",7
21,Education as a Tool for Empowerment,"Education is a powerful instrument for transforming lives and fostering social change. In this blog post, I'll explore the role of education in promoting equality and empowerment, and share my thoughts on how we can work together to create a more just and equitable world.",7
22,The Code of Hammurabi: Ancient Wisdom for Modern Times,"The Code of Hammurabi is one of the world's earliest legal systems, and its principles still hold relevance today. In this blog post, I'll discuss the core tenets of my code, and the importance of fair and just laws in maintaining social order and harmony.",8
23,Governing Babylon: Leadership Lessons from the Ancient World,"As the ruler of Babylon, I learned invaluable lessons about effective leadership and governance. In this post, I'll share insights from my time on the throne, and how these principles can be applied to contemporary challenges.",8
24,The Art and Architecture of Babylon: A Cultural Legacy,"Babylon was a city of immense beauty and cultural significance, its art and architecture reflecting the height of ancient Mesopotamian civilization. In this blog post, I'll be exploring some of the most iconic works from my city and the legacy they leave behind.",8
25,The Golden Age of Mali: Prosperity and Cultural Exchange,"Under my rule, Mali experienced a golden age marked by wealth, cultural exchange, and the flourishing of arts and sciences. In this blog post, I'll be discussing the factors that contributed to Mali's prosperity and the importance of fostering intellectual and cultural exchange.",9
26,The Hajj of Mansa Musa: A Journey of Faith and Diplomacy,"My pilgrimage to Mecca was not only a personal journey of faith, but also a significant diplomatic endeavor. In this post, I'll be recounting my experiences during the Hajj and the lasting impact of this journey on Mali and the Islamic world.",9
27,Investing in Education: The Legacy of Timbuktu,"As a strong advocate for education, I invested heavily in the development of Timbuktu as a center of learning. In this blog post, I'll be discussing the importance of education in fostering social progress and the enduring legacy of Timbuktu as a hub of knowledge.",9
28,Finding My Voice: The Evolution of My Sound,"My journey as an artist has been marked by growth, experimentation, and self-discovery. In this blog post, I'll be discussing the evolution of my sound and the experiences that have shaped me as a musician.",10
29,Collaborations and Connections: Working with Fellow Artists,"Collaborating with other artists has been an invaluable part of my creative process. In this post, I'll be sharing some of my favorite collaborations, the lessons I've learned from working with fellow musicians, and the importance of building connections in the industry.",10
30,Poland,"To Poland I took the Wock' to Poland I took the Wock' to Poland I took the Wock' to Poland Uh, phew, phew, ah I been fiending (ah), like I'm Kenan Ride around with a Kel-Tec (Wock') If you mean it, baby girl, do you mean it? (Mmm) I been leaning, baby girl, I been leaning (yeah) Phew, phew, phew (Wock') Phone still ringing, battling all my demons I been fiending, baby girl, I been fiending (yeah) Hope you love me, baby, I hope you mean it (Wock') I took the Wock' to Poland I took the Wock' to Poland I took the Wock' to Poland",10